<?xml version="1.0" encoding="UTF-8"?>
<mxfile host="app.diagrams.net" modified="2023-09-30T07:13:29.843Z" agent="Mozilla/5.0 (Windows NT 10.0; Win64; x64) AppleWebKit/537.36 (KHTML, like Gecko) Chrome/117.0.0.0 Safari/537.36" etag="pEs7ZqKZFx6c-aZfo9gX" version="22.0.0" pages="5">
  <diagram id="WfQXtUYlOqugX55VyuzK" name="Page-1">
    <mxGraphModel dx="1114" dy="610" grid="1" gridSize="10" guides="1" tooltips="1" connect="1" arrows="1" fold="1" page="1" pageScale="1" pageWidth="850" pageHeight="1100" math="0" shadow="0">
      <root>
        <mxCell id="0" />
        <mxCell id="1" parent="0" />
        <mxCell id="6SC-wHni76-ARlpCPu2G-110" style="edgeStyle=orthogonalEdgeStyle;rounded=0;orthogonalLoop=1;jettySize=auto;html=1;entryX=1;entryY=0.5;entryDx=0;entryDy=0;" parent="1" source="6SC-wHni76-ARlpCPu2G-105" target="6SC-wHni76-ARlpCPu2G-87" edge="1">
          <mxGeometry relative="1" as="geometry">
            <mxPoint x="330" y="390" as="targetPoint" />
            <Array as="points">
              <mxPoint x="403" y="350" />
              <mxPoint x="403" y="390" />
            </Array>
          </mxGeometry>
        </mxCell>
        <mxCell id="6SC-wHni76-ARlpCPu2G-105" value="" style="rounded=0;whiteSpace=wrap;html=1;" parent="1" vertex="1">
          <mxGeometry x="475" y="10" width="295" height="600" as="geometry" />
        </mxCell>
        <mxCell id="6SC-wHni76-ARlpCPu2G-106" style="edgeStyle=orthogonalEdgeStyle;rounded=0;orthogonalLoop=1;jettySize=auto;html=1;entryX=0;entryY=0.5;entryDx=0;entryDy=0;" parent="1" source="6SC-wHni76-ARlpCPu2G-85" target="6SC-wHni76-ARlpCPu2G-86" edge="1">
          <mxGeometry relative="1" as="geometry" />
        </mxCell>
        <mxCell id="6SC-wHni76-ARlpCPu2G-85" value="" style="verticalLabelPosition=bottom;html=1;verticalAlign=top;align=center;strokeColor=none;fillColor=#00BEF2;shape=mxgraph.azure.user;" parent="1" vertex="1">
          <mxGeometry x="50" y="270" width="70" height="80" as="geometry" />
        </mxCell>
        <mxCell id="6SC-wHni76-ARlpCPu2G-109" style="edgeStyle=orthogonalEdgeStyle;rounded=0;orthogonalLoop=1;jettySize=auto;html=1;exitX=1;exitY=0.5;exitDx=0;exitDy=0;" parent="1" source="6SC-wHni76-ARlpCPu2G-86" edge="1">
          <mxGeometry relative="1" as="geometry">
            <mxPoint x="475" y="320" as="targetPoint" />
            <mxPoint x="325" y="240" as="sourcePoint" />
            <Array as="points">
              <mxPoint x="395" y="270" />
              <mxPoint x="395" y="320" />
            </Array>
          </mxGeometry>
        </mxCell>
        <mxCell id="6SC-wHni76-ARlpCPu2G-86" value="input as image &amp;amp;&lt;br&gt;CSV&amp;nbsp; Dataset" style="rounded=0;whiteSpace=wrap;html=1;" parent="1" vertex="1">
          <mxGeometry x="200" y="240" width="120" height="60" as="geometry" />
        </mxCell>
        <mxCell id="6SC-wHni76-ARlpCPu2G-108" style="edgeStyle=orthogonalEdgeStyle;rounded=0;orthogonalLoop=1;jettySize=auto;html=1;entryX=0.5;entryY=1;entryDx=0;entryDy=0;entryPerimeter=0;" parent="1" source="6SC-wHni76-ARlpCPu2G-87" target="6SC-wHni76-ARlpCPu2G-85" edge="1">
          <mxGeometry relative="1" as="geometry">
            <mxPoint x="80" y="390" as="targetPoint" />
            <Array as="points">
              <mxPoint x="85" y="390" />
            </Array>
          </mxGeometry>
        </mxCell>
        <mxCell id="6SC-wHni76-ARlpCPu2G-87" value="Display Output&amp;nbsp;&lt;br&gt;To User" style="rounded=0;whiteSpace=wrap;html=1;" parent="1" vertex="1">
          <mxGeometry x="200" y="360" width="120" height="60" as="geometry" />
        </mxCell>
        <mxCell id="6SC-wHni76-ARlpCPu2G-91" style="edgeStyle=orthogonalEdgeStyle;rounded=0;orthogonalLoop=1;jettySize=auto;html=1;entryX=0.5;entryY=0;entryDx=0;entryDy=0;" parent="1" source="6SC-wHni76-ARlpCPu2G-88" target="6SC-wHni76-ARlpCPu2G-89" edge="1">
          <mxGeometry relative="1" as="geometry" />
        </mxCell>
        <mxCell id="6SC-wHni76-ARlpCPu2G-88" value="Preprocessing" style="rounded=0;whiteSpace=wrap;html=1;" parent="1" vertex="1">
          <mxGeometry x="520" y="130" width="210" height="80" as="geometry" />
        </mxCell>
        <mxCell id="6SC-wHni76-ARlpCPu2G-93" style="edgeStyle=orthogonalEdgeStyle;rounded=0;orthogonalLoop=1;jettySize=auto;html=1;entryX=0.5;entryY=0;entryDx=0;entryDy=0;" parent="1" edge="1">
          <mxGeometry relative="1" as="geometry">
            <mxPoint x="629" y="330" as="sourcePoint" />
            <mxPoint x="629" y="360" as="targetPoint" />
            <Array as="points">
              <mxPoint x="629" y="340" />
              <mxPoint x="629" y="340" />
            </Array>
          </mxGeometry>
        </mxCell>
        <mxCell id="6SC-wHni76-ARlpCPu2G-89" value="Feature Extraction&lt;br&gt;(Detection The parameter From&lt;br&gt;fetal&amp;nbsp; Uploaded For Testing)" style="rounded=0;whiteSpace=wrap;html=1;" parent="1" vertex="1">
          <mxGeometry x="520" y="250" width="210" height="80" as="geometry" />
        </mxCell>
        <mxCell id="6SC-wHni76-ARlpCPu2G-96" style="edgeStyle=orthogonalEdgeStyle;rounded=0;orthogonalLoop=1;jettySize=auto;html=1;" parent="1" source="6SC-wHni76-ARlpCPu2G-90" edge="1">
          <mxGeometry relative="1" as="geometry">
            <mxPoint x="625" y="470" as="targetPoint" />
          </mxGeometry>
        </mxCell>
        <mxCell id="6SC-wHni76-ARlpCPu2G-90" value="Classification by using SVM / CNN algorithm and Harscascade algorithm" style="rounded=0;whiteSpace=wrap;html=1;" parent="1" vertex="1">
          <mxGeometry x="520" y="363" width="210" height="80" as="geometry" />
        </mxCell>
        <mxCell id="6SC-wHni76-ARlpCPu2G-94" value="Detect the Brain&amp;nbsp;Stroke" style="rounded=0;whiteSpace=wrap;html=1;" parent="1" vertex="1">
          <mxGeometry x="565" y="470" width="130" height="50" as="geometry" />
        </mxCell>
        <mxCell id="6SC-wHni76-ARlpCPu2G-97" value="System" style="text;html=1;align=center;verticalAlign=middle;resizable=0;points=[];autosize=1;" parent="1" vertex="1">
          <mxGeometry x="600" y="580" width="60" height="20" as="geometry" />
        </mxCell>
        <mxCell id="6SC-wHni76-ARlpCPu2G-103" style="edgeStyle=orthogonalEdgeStyle;rounded=0;orthogonalLoop=1;jettySize=auto;html=1;entryX=0.5;entryY=0;entryDx=0;entryDy=0;" parent="1" edge="1">
          <mxGeometry relative="1" as="geometry">
            <mxPoint x="621" y="83.81453517294494" as="sourcePoint" />
            <mxPoint x="621" y="130" as="targetPoint" />
            <Array as="points">
              <mxPoint x="621" y="90" />
              <mxPoint x="621" y="90" />
            </Array>
          </mxGeometry>
        </mxCell>
        <mxCell id="6SC-wHni76-ARlpCPu2G-98" value="" style="aspect=fixed;perimeter=ellipsePerimeter;html=1;align=center;shadow=0;dashed=0;spacingTop=3;image;image=img/lib/active_directory/database.svg;" parent="1" vertex="1">
          <mxGeometry x="570" y="17" width="100" height="74" as="geometry" />
        </mxCell>
        <mxCell id="6SC-wHni76-ARlpCPu2G-104" value="Train Dataset&lt;br&gt;With Image" style="text;html=1;align=center;verticalAlign=middle;resizable=0;points=[];autosize=1;" parent="1" vertex="1">
          <mxGeometry x="655" y="80" width="90" height="30" as="geometry" />
        </mxCell>
        <mxCell id="6SC-wHni76-ARlpCPu2G-111" value="User" style="text;html=1;align=center;verticalAlign=middle;resizable=0;points=[];autosize=1;" parent="1" vertex="1">
          <mxGeometry x="90" y="360" width="40" height="20" as="geometry" />
        </mxCell>
      </root>
    </mxGraphModel>
  </diagram>
  <diagram id="cDplOILvzhufztqeTdYC" name="Page-2">
    <mxGraphModel dx="1114" dy="610" grid="1" gridSize="10" guides="1" tooltips="1" connect="1" arrows="1" fold="1" page="1" pageScale="1" pageWidth="850" pageHeight="1100" math="0" shadow="0">
      <root>
        <mxCell id="0" />
        <mxCell id="1" parent="0" />
        <mxCell id="BrzzJERXzxXFeQV1aoRd-1" value="" style="edgeStyle=orthogonalEdgeStyle;html=1;verticalAlign=bottom;endArrow=open;endSize=8;fontSize=20;" edge="1" parent="1">
          <mxGeometry relative="1" as="geometry">
            <mxPoint x="557" y="620" as="targetPoint" />
            <mxPoint x="557" y="560" as="sourcePoint" />
          </mxGeometry>
        </mxCell>
        <mxCell id="BrzzJERXzxXFeQV1aoRd-2" value="" style="edgeStyle=orthogonalEdgeStyle;html=1;verticalAlign=bottom;endArrow=open;endSize=8;fontSize=20;" edge="1" parent="1">
          <mxGeometry relative="1" as="geometry">
            <mxPoint x="557" y="740" as="targetPoint" />
            <mxPoint x="557" y="680" as="sourcePoint" />
          </mxGeometry>
        </mxCell>
        <mxCell id="BrzzJERXzxXFeQV1aoRd-3" value="" style="edgeStyle=orthogonalEdgeStyle;html=1;verticalAlign=bottom;endArrow=open;endSize=8;fontSize=20;entryX=0.5;entryY=0;" edge="1" parent="1" target="BrzzJERXzxXFeQV1aoRd-5">
          <mxGeometry relative="1" as="geometry">
            <mxPoint x="557" y="1160" as="targetPoint" />
            <mxPoint x="557" y="910" as="sourcePoint" />
            <Array as="points">
              <mxPoint x="557" y="960" />
              <mxPoint x="557" y="960" />
            </Array>
          </mxGeometry>
        </mxCell>
        <mxCell id="BrzzJERXzxXFeQV1aoRd-4" style="edgeStyle=orthogonalEdgeStyle;rounded=0;orthogonalLoop=1;jettySize=auto;html=1;" edge="1" parent="1" source="BrzzJERXzxXFeQV1aoRd-5">
          <mxGeometry relative="1" as="geometry">
            <mxPoint x="556.5" y="1100" as="targetPoint" />
          </mxGeometry>
        </mxCell>
        <mxCell id="BrzzJERXzxXFeQV1aoRd-5" value="Detect the Brain&amp;nbsp;Stroke&lt;br&gt;&amp;nbsp;" style="rounded=1;whiteSpace=wrap;html=1;arcSize=40;fontSize=20;" vertex="1" parent="1">
          <mxGeometry x="460" y="990" width="193" height="70" as="geometry" />
        </mxCell>
        <mxCell id="BrzzJERXzxXFeQV1aoRd-6" value="" style="edgeStyle=orthogonalEdgeStyle;html=1;verticalAlign=bottom;endArrow=open;endSize=8;fontSize=20;" edge="1" parent="1">
          <mxGeometry relative="1" as="geometry">
            <mxPoint x="557" y="860" as="targetPoint" />
            <mxPoint x="557" y="800" as="sourcePoint" />
          </mxGeometry>
        </mxCell>
        <mxCell id="BrzzJERXzxXFeQV1aoRd-7" value="Preprocessing" style="rounded=1;whiteSpace=wrap;html=1;arcSize=40;fontSize=20;" vertex="1" parent="1">
          <mxGeometry x="460" y="620" width="193" height="60" as="geometry" />
        </mxCell>
        <mxCell id="BrzzJERXzxXFeQV1aoRd-8" value="Feature Extraction" style="rounded=1;whiteSpace=wrap;html=1;arcSize=40;fontSize=20;" vertex="1" parent="1">
          <mxGeometry x="460.5" y="740" width="193" height="60" as="geometry" />
        </mxCell>
        <mxCell id="BrzzJERXzxXFeQV1aoRd-9" value="Classification by using CNN &lt;br&gt;/ SVM algorithm&amp;nbsp;" style="rounded=1;whiteSpace=wrap;html=1;arcSize=40;fontSize=20;" vertex="1" parent="1">
          <mxGeometry x="430" y="857.5" width="250" height="82.5" as="geometry" />
        </mxCell>
        <mxCell id="BrzzJERXzxXFeQV1aoRd-10" value="Input as Image&lt;br&gt;and Dataset" style="rounded=1;whiteSpace=wrap;html=1;arcSize=40;fontSize=20;" vertex="1" parent="1">
          <mxGeometry x="450" y="500" width="206" height="60" as="geometry" />
        </mxCell>
        <mxCell id="BrzzJERXzxXFeQV1aoRd-14" value="" style="edgeStyle=orthogonalEdgeStyle;rounded=0;orthogonalLoop=1;jettySize=auto;html=1;" edge="1" parent="1" source="BrzzJERXzxXFeQV1aoRd-11" target="BrzzJERXzxXFeQV1aoRd-10">
          <mxGeometry relative="1" as="geometry">
            <Array as="points">
              <mxPoint x="553" y="420" />
              <mxPoint x="553" y="420" />
            </Array>
          </mxGeometry>
        </mxCell>
        <mxCell id="BrzzJERXzxXFeQV1aoRd-11" value="" style="ellipse;html=1;shape=startState;fillColor=#000000;strokeColor=#ff0000;" vertex="1" parent="1">
          <mxGeometry x="527" y="380" width="60" height="55" as="geometry" />
        </mxCell>
        <mxCell id="BrzzJERXzxXFeQV1aoRd-13" value="" style="ellipse;html=1;shape=endState;fillColor=#000000;strokeColor=#ff0000;" vertex="1" parent="1">
          <mxGeometry x="530" y="1100" width="45.5" height="40" as="geometry" />
        </mxCell>
      </root>
    </mxGraphModel>
  </diagram>
  <diagram id="C-Hn0Zxo9z80nmZHavit" name="Page-3">
    <mxGraphModel dx="1114" dy="610" grid="1" gridSize="10" guides="1" tooltips="1" connect="1" arrows="1" fold="1" page="1" pageScale="1" pageWidth="850" pageHeight="1100" math="0" shadow="0">
      <root>
        <mxCell id="0" />
        <mxCell id="1" parent="0" />
        <mxCell id="zEaFtmRwoPN_ANiC3PO3-1" value="" style="ellipse;html=1;shape=startState;fillColor=#000000;strokeColor=#ff0000;" parent="1" vertex="1">
          <mxGeometry x="322.5" y="480" width="30" height="30" as="geometry" />
        </mxCell>
        <mxCell id="zEaFtmRwoPN_ANiC3PO3-2" value="" style="edgeStyle=orthogonalEdgeStyle;html=1;verticalAlign=bottom;endArrow=open;endSize=8;strokeColor=#ff0000;" parent="1" source="zEaFtmRwoPN_ANiC3PO3-1" target="zEaFtmRwoPN_ANiC3PO3-5" edge="1">
          <mxGeometry relative="1" as="geometry">
            <mxPoint x="337.5" y="540" as="targetPoint" />
          </mxGeometry>
        </mxCell>
        <mxCell id="zEaFtmRwoPN_ANiC3PO3-3" style="edgeStyle=orthogonalEdgeStyle;rounded=0;orthogonalLoop=1;jettySize=auto;html=1;entryX=0.5;entryY=0;entryDx=0;entryDy=0;" parent="1" source="zEaFtmRwoPN_ANiC3PO3-4" target="zEaFtmRwoPN_ANiC3PO3-5" edge="1">
          <mxGeometry relative="1" as="geometry" />
        </mxCell>
        <mxCell id="zEaFtmRwoPN_ANiC3PO3-4" value="Registration" style="html=1;dashed=0;whitespace=wrap;" parent="1" vertex="1">
          <mxGeometry x="292.5" y="540" width="100" height="30" as="geometry" />
        </mxCell>
        <mxCell id="zEaFtmRwoPN_ANiC3PO3-5" value="Login" style="rhombus;whiteSpace=wrap;html=1;fillColor=#ffffc0;strokeColor=#ff0000;" parent="1" vertex="1">
          <mxGeometry x="302.5" y="600" width="80" height="40" as="geometry" />
        </mxCell>
        <mxCell id="zEaFtmRwoPN_ANiC3PO3-6" value="no" style="edgeStyle=orthogonalEdgeStyle;html=1;align=left;verticalAlign=bottom;endArrow=open;endSize=8;strokeColor=#ff0000;" parent="1" source="zEaFtmRwoPN_ANiC3PO3-5" edge="1">
          <mxGeometry x="-1" relative="1" as="geometry">
            <mxPoint x="352.5" y="590" as="targetPoint" />
            <Array as="points">
              <mxPoint x="432.5" y="620" />
              <mxPoint x="432.5" y="590" />
            </Array>
          </mxGeometry>
        </mxCell>
        <mxCell id="zEaFtmRwoPN_ANiC3PO3-7" value="yes" style="edgeStyle=orthogonalEdgeStyle;html=1;align=left;verticalAlign=top;endArrow=open;endSize=8;strokeColor=#ff0000;" parent="1" source="zEaFtmRwoPN_ANiC3PO3-5" edge="1">
          <mxGeometry x="-1" relative="1" as="geometry">
            <mxPoint x="342.5" y="670" as="targetPoint" />
            <Array as="points">
              <mxPoint x="342.5" y="670" />
              <mxPoint x="342.5" y="670" />
            </Array>
          </mxGeometry>
        </mxCell>
        <mxCell id="zEaFtmRwoPN_ANiC3PO3-8" value="Result" style="html=1;dashed=0;whitespace=wrap;" parent="1" vertex="1">
          <mxGeometry x="310" y="966" width="100" height="30" as="geometry" />
        </mxCell>
        <mxCell id="zEaFtmRwoPN_ANiC3PO3-9" style="edgeStyle=orthogonalEdgeStyle;rounded=0;orthogonalLoop=1;jettySize=auto;html=1;entryX=0.5;entryY=0;entryDx=0;entryDy=0;" parent="1" source="zEaFtmRwoPN_ANiC3PO3-10" target="zEaFtmRwoPN_ANiC3PO3-12" edge="1">
          <mxGeometry relative="1" as="geometry" />
        </mxCell>
        <mxCell id="zEaFtmRwoPN_ANiC3PO3-10" value="Pre-Processing" style="html=1;dashed=0;whitespace=wrap;" parent="1" vertex="1">
          <mxGeometry x="280" y="670" width="132.5" height="30" as="geometry" />
        </mxCell>
        <mxCell id="zEaFtmRwoPN_ANiC3PO3-12" value="Feature Extraction" style="html=1;dashed=0;whitespace=wrap;" parent="1" vertex="1">
          <mxGeometry x="280" y="720" width="132.5" height="30" as="geometry" />
        </mxCell>
        <mxCell id="zEaFtmRwoPN_ANiC3PO3-14" value="" style="html=1;dashed=0;whitespace=wrap;" parent="1" vertex="1">
          <mxGeometry x="255" y="821" width="210" height="30" as="geometry" />
        </mxCell>
        <mxCell id="zEaFtmRwoPN_ANiC3PO3-16" value="Detect the Person identification and&amp;nbsp;&lt;br&gt;Crime Prediction" style="html=1;dashed=0;whitespace=wrap;" parent="1" vertex="1">
          <mxGeometry x="260" y="887" width="200" height="30" as="geometry" />
        </mxCell>
      </root>
    </mxGraphModel>
  </diagram>
  <diagram id="OUs2mC-dgO0muE55S6Zf" name="Page-4">
    <mxGraphModel dx="1114" dy="610" grid="1" gridSize="10" guides="1" tooltips="1" connect="1" arrows="1" fold="1" page="1" pageScale="1" pageWidth="850" pageHeight="1100" math="0" shadow="0">
      <root>
        <mxCell id="0" />
        <mxCell id="1" parent="0" />
        <mxCell id="P3_iV3ZUGM2AzR3VFrvY-1" value="" style="html=1;points=[];perimeter=orthogonalPerimeter;" parent="1" vertex="1">
          <mxGeometry x="650" y="530" width="10" height="80" as="geometry" />
        </mxCell>
        <mxCell id="P3_iV3ZUGM2AzR3VFrvY-2" value="Login/Registraction" style="html=1;verticalAlign=bottom;endArrow=block;entryX=0;entryY=0;" parent="1" target="P3_iV3ZUGM2AzR3VFrvY-1" edge="1">
          <mxGeometry relative="1" as="geometry">
            <mxPoint x="330" y="530" as="sourcePoint" />
          </mxGeometry>
        </mxCell>
        <mxCell id="P3_iV3ZUGM2AzR3VFrvY-3" value="Successfully Login/Registration" style="html=1;verticalAlign=bottom;endArrow=open;dashed=1;endSize=8;exitX=0;exitY=0.95;" parent="1" source="P3_iV3ZUGM2AzR3VFrvY-1" edge="1">
          <mxGeometry x="-0.0006" y="-8" relative="1" as="geometry">
            <mxPoint x="330" y="610" as="targetPoint" />
            <mxPoint as="offset" />
          </mxGeometry>
        </mxCell>
        <mxCell id="P3_iV3ZUGM2AzR3VFrvY-4" value="User" style="shape=umlLifeline;perimeter=lifelinePerimeter;whiteSpace=wrap;html=1;container=1;collapsible=0;recursiveResize=0;outlineConnect=0;" parent="1" vertex="1">
          <mxGeometry x="280" y="480" width="100" height="545" as="geometry" />
        </mxCell>
        <mxCell id="P3_iV3ZUGM2AzR3VFrvY-5" value="" style="shape=umlDestroy;whiteSpace=wrap;html=1;strokeWidth=3;" parent="P3_iV3ZUGM2AzR3VFrvY-4" vertex="1">
          <mxGeometry x="35" y="505" width="30" height="30" as="geometry" />
        </mxCell>
        <mxCell id="Ert220kSoIRmczI_9sYP-1" value="" style="html=1;points=[];perimeter=orthogonalPerimeter;" parent="P3_iV3ZUGM2AzR3VFrvY-4" vertex="1">
          <mxGeometry x="45" y="320" width="10" height="80" as="geometry" />
        </mxCell>
        <mxCell id="Ert220kSoIRmczI_9sYP-2" value="" style="html=1;points=[];perimeter=orthogonalPerimeter;" parent="P3_iV3ZUGM2AzR3VFrvY-4" vertex="1">
          <mxGeometry x="45" y="50" width="10" height="80" as="geometry" />
        </mxCell>
        <mxCell id="P3_iV3ZUGM2AzR3VFrvY-6" value="System" style="shape=umlLifeline;perimeter=lifelinePerimeter;whiteSpace=wrap;html=1;container=1;collapsible=0;recursiveResize=0;outlineConnect=0;" parent="1" vertex="1">
          <mxGeometry x="605" y="480" width="100" height="545" as="geometry" />
        </mxCell>
        <mxCell id="P3_iV3ZUGM2AzR3VFrvY-7" value="" style="html=1;points=[];perimeter=orthogonalPerimeter;" parent="P3_iV3ZUGM2AzR3VFrvY-6" vertex="1">
          <mxGeometry x="43" y="333" width="10" height="80" as="geometry" />
        </mxCell>
        <mxCell id="P3_iV3ZUGM2AzR3VFrvY-8" value="" style="shape=umlDestroy;whiteSpace=wrap;html=1;strokeWidth=3;" parent="P3_iV3ZUGM2AzR3VFrvY-6" vertex="1">
          <mxGeometry x="35" y="495" width="30" height="30" as="geometry" />
        </mxCell>
        <mxCell id="P3_iV3ZUGM2AzR3VFrvY-9" value="Input as CSV data / image&amp;nbsp;" style="html=1;verticalAlign=bottom;endArrow=block;" parent="1" source="P3_iV3ZUGM2AzR3VFrvY-4" edge="1">
          <mxGeometry width="80" relative="1" as="geometry">
            <mxPoint x="388" y="662" as="sourcePoint" />
            <mxPoint x="654.5" y="662" as="targetPoint" />
          </mxGeometry>
        </mxCell>
        <mxCell id="P3_iV3ZUGM2AzR3VFrvY-10" value="" style="endArrow=block;endFill=1;endSize=6;html=1;" parent="1" source="P3_iV3ZUGM2AzR3VFrvY-4" target="P3_iV3ZUGM2AzR3VFrvY-6" edge="1">
          <mxGeometry width="100" relative="1" as="geometry">
            <mxPoint x="458" y="695" as="sourcePoint" />
            <mxPoint x="558" y="695" as="targetPoint" />
            <Array as="points">
              <mxPoint x="518" y="705" />
            </Array>
          </mxGeometry>
        </mxCell>
        <mxCell id="P3_iV3ZUGM2AzR3VFrvY-11" value="" style="endArrow=block;endFill=1;endSize=6;html=1;" parent="1" source="P3_iV3ZUGM2AzR3VFrvY-4" target="P3_iV3ZUGM2AzR3VFrvY-6" edge="1">
          <mxGeometry width="100" relative="1" as="geometry">
            <mxPoint x="458" y="695" as="sourcePoint" />
            <mxPoint x="558" y="695" as="targetPoint" />
            <Array as="points">
              <mxPoint x="498" y="745" />
            </Array>
          </mxGeometry>
        </mxCell>
        <mxCell id="P3_iV3ZUGM2AzR3VFrvY-12" value="Preprocessing" style="text;html=1;align=center;verticalAlign=middle;resizable=0;points=[];autosize=1;" parent="1" vertex="1">
          <mxGeometry x="433" y="678" width="100" height="30" as="geometry" />
        </mxCell>
        <mxCell id="P3_iV3ZUGM2AzR3VFrvY-13" value="Feature Extraction" style="text;html=1;align=center;verticalAlign=middle;resizable=0;points=[];autosize=1;" parent="1" vertex="1">
          <mxGeometry x="425" y="717" width="120" height="30" as="geometry" />
        </mxCell>
        <mxCell id="P3_iV3ZUGM2AzR3VFrvY-14" value="Detect the Brain Strock" style="html=1;verticalAlign=bottom;endArrow=open;dashed=1;endSize=8;exitX=0;exitY=0.95;" parent="1" source="P3_iV3ZUGM2AzR3VFrvY-7" target="P3_iV3ZUGM2AzR3VFrvY-4" edge="1">
          <mxGeometry relative="1" as="geometry">
            <mxPoint x="578" y="891" as="targetPoint" />
          </mxGeometry>
        </mxCell>
        <mxCell id="Ert220kSoIRmczI_9sYP-3" value="" style="endArrow=block;endFill=1;endSize=6;html=1;" parent="1" edge="1">
          <mxGeometry width="100" relative="1" as="geometry">
            <mxPoint x="330" y="770" as="sourcePoint" />
            <mxPoint x="655" y="770" as="targetPoint" />
            <Array as="points">
              <mxPoint x="498" y="770" />
            </Array>
          </mxGeometry>
        </mxCell>
        <mxCell id="D4f_b6ehPtkQ9D2QNXhB-1" value="&amp;nbsp;Classification by using CNN and SVM&amp;nbsp;" style="edgeLabel;html=1;align=center;verticalAlign=middle;resizable=0;points=[];" vertex="1" connectable="0" parent="Ert220kSoIRmczI_9sYP-3">
          <mxGeometry x="-0.3969" y="8" relative="1" as="geometry">
            <mxPoint x="82" y="-2" as="offset" />
          </mxGeometry>
        </mxCell>
      </root>
    </mxGraphModel>
  </diagram>
  <diagram id="b0OtZVqSXwQMbJADH9NE" name="Page-5">
    <mxGraphModel dx="1114" dy="610" grid="1" gridSize="10" guides="1" tooltips="1" connect="1" arrows="1" fold="1" page="1" pageScale="1" pageWidth="850" pageHeight="1100" math="0" shadow="0">
      <root>
        <mxCell id="0" />
        <mxCell id="1" parent="0" />
      </root>
    </mxGraphModel>
  </diagram>
</mxfile>
