<?xml version="1.0" encoding="UTF-8"?>
<mxfile host="app.diagrams.net" modified="2023-09-29T10:01:59.583Z" agent="Mozilla/5.0 (Windows NT 10.0; Win64; x64) AppleWebKit/537.36 (KHTML, like Gecko) Chrome/117.0.0.0 Safari/537.36" etag="CFPeT159m5dou39VQMuT" version="21.8.2" pages="2">
  <diagram id="WfQXtUYlOqugX55VyuzK" name="Page-1">
    <mxGraphModel dx="1114" dy="610" grid="1" gridSize="10" guides="1" tooltips="1" connect="1" arrows="1" fold="1" page="1" pageScale="1" pageWidth="850" pageHeight="1100" math="0" shadow="0">
      <root>
        <mxCell id="0" />
        <mxCell id="1" parent="0" />
        <mxCell id="6SC-wHni76-ARlpCPu2G-110" style="edgeStyle=orthogonalEdgeStyle;rounded=0;orthogonalLoop=1;jettySize=auto;html=1;entryX=1;entryY=0.5;entryDx=0;entryDy=0;" parent="1" source="6SC-wHni76-ARlpCPu2G-105" target="6SC-wHni76-ARlpCPu2G-87" edge="1">
          <mxGeometry relative="1" as="geometry">
            <mxPoint x="330" y="390" as="targetPoint" />
            <Array as="points">
              <mxPoint x="403" y="350" />
              <mxPoint x="403" y="390" />
            </Array>
          </mxGeometry>
        </mxCell>
        <mxCell id="6SC-wHni76-ARlpCPu2G-105" value="" style="rounded=0;whiteSpace=wrap;html=1;" parent="1" vertex="1">
          <mxGeometry x="475" y="10" width="295" height="600" as="geometry" />
        </mxCell>
        <mxCell id="6SC-wHni76-ARlpCPu2G-106" style="edgeStyle=orthogonalEdgeStyle;rounded=0;orthogonalLoop=1;jettySize=auto;html=1;entryX=0;entryY=0.5;entryDx=0;entryDy=0;" parent="1" source="6SC-wHni76-ARlpCPu2G-85" target="6SC-wHni76-ARlpCPu2G-86" edge="1">
          <mxGeometry relative="1" as="geometry" />
        </mxCell>
        <mxCell id="6SC-wHni76-ARlpCPu2G-85" value="" style="verticalLabelPosition=bottom;html=1;verticalAlign=top;align=center;strokeColor=none;fillColor=#00BEF2;shape=mxgraph.azure.user;" parent="1" vertex="1">
          <mxGeometry x="50" y="270" width="70" height="80" as="geometry" />
        </mxCell>
        <mxCell id="6SC-wHni76-ARlpCPu2G-109" style="edgeStyle=orthogonalEdgeStyle;rounded=0;orthogonalLoop=1;jettySize=auto;html=1;exitX=1;exitY=0.5;exitDx=0;exitDy=0;" parent="1" source="6SC-wHni76-ARlpCPu2G-86" edge="1">
          <mxGeometry relative="1" as="geometry">
            <mxPoint x="475" y="320" as="targetPoint" />
            <mxPoint x="325" y="240" as="sourcePoint" />
            <Array as="points">
              <mxPoint x="395" y="270" />
              <mxPoint x="395" y="320" />
            </Array>
          </mxGeometry>
        </mxCell>
        <mxCell id="6SC-wHni76-ARlpCPu2G-86" value="input as image &amp;amp;&lt;br&gt;CSV&amp;nbsp; Dataset" style="rounded=0;whiteSpace=wrap;html=1;" parent="1" vertex="1">
          <mxGeometry x="200" y="240" width="120" height="60" as="geometry" />
        </mxCell>
        <mxCell id="6SC-wHni76-ARlpCPu2G-108" style="edgeStyle=orthogonalEdgeStyle;rounded=0;orthogonalLoop=1;jettySize=auto;html=1;entryX=0.5;entryY=1;entryDx=0;entryDy=0;entryPerimeter=0;" parent="1" source="6SC-wHni76-ARlpCPu2G-87" target="6SC-wHni76-ARlpCPu2G-85" edge="1">
          <mxGeometry relative="1" as="geometry">
            <mxPoint x="80" y="390" as="targetPoint" />
            <Array as="points">
              <mxPoint x="85" y="390" />
            </Array>
          </mxGeometry>
        </mxCell>
        <mxCell id="6SC-wHni76-ARlpCPu2G-87" value="Display Output&amp;nbsp;&lt;br&gt;To User" style="rounded=0;whiteSpace=wrap;html=1;" parent="1" vertex="1">
          <mxGeometry x="200" y="360" width="120" height="60" as="geometry" />
        </mxCell>
        <mxCell id="6SC-wHni76-ARlpCPu2G-91" style="edgeStyle=orthogonalEdgeStyle;rounded=0;orthogonalLoop=1;jettySize=auto;html=1;entryX=0.5;entryY=0;entryDx=0;entryDy=0;" parent="1" source="6SC-wHni76-ARlpCPu2G-88" target="6SC-wHni76-ARlpCPu2G-89" edge="1">
          <mxGeometry relative="1" as="geometry" />
        </mxCell>
        <mxCell id="6SC-wHni76-ARlpCPu2G-88" value="Preprocessing" style="rounded=0;whiteSpace=wrap;html=1;" parent="1" vertex="1">
          <mxGeometry x="520" y="130" width="210" height="80" as="geometry" />
        </mxCell>
        <mxCell id="6SC-wHni76-ARlpCPu2G-93" style="edgeStyle=orthogonalEdgeStyle;rounded=0;orthogonalLoop=1;jettySize=auto;html=1;entryX=0.5;entryY=0;entryDx=0;entryDy=0;" parent="1" edge="1">
          <mxGeometry relative="1" as="geometry">
            <mxPoint x="629" y="330" as="sourcePoint" />
            <mxPoint x="629" y="360" as="targetPoint" />
            <Array as="points">
              <mxPoint x="629" y="340" />
              <mxPoint x="629" y="340" />
            </Array>
          </mxGeometry>
        </mxCell>
        <mxCell id="6SC-wHni76-ARlpCPu2G-89" value="Feature Extraction&lt;br&gt;(Detection The parameter From&lt;br&gt;fetal&amp;nbsp; Uploaded For Testing)" style="rounded=0;whiteSpace=wrap;html=1;" parent="1" vertex="1">
          <mxGeometry x="520" y="250" width="210" height="80" as="geometry" />
        </mxCell>
        <mxCell id="6SC-wHni76-ARlpCPu2G-96" style="edgeStyle=orthogonalEdgeStyle;rounded=0;orthogonalLoop=1;jettySize=auto;html=1;" parent="1" source="6SC-wHni76-ARlpCPu2G-90" edge="1">
          <mxGeometry relative="1" as="geometry">
            <mxPoint x="625" y="470" as="targetPoint" />
          </mxGeometry>
        </mxCell>
        <mxCell id="6SC-wHni76-ARlpCPu2G-90" value="Classification by using SVM / CNN algorithm and Harscascade algorithm" style="rounded=0;whiteSpace=wrap;html=1;" parent="1" vertex="1">
          <mxGeometry x="520" y="363" width="210" height="80" as="geometry" />
        </mxCell>
        <mxCell id="6SC-wHni76-ARlpCPu2G-94" value="Detect the Brain&amp;nbsp;Stroke" style="rounded=0;whiteSpace=wrap;html=1;" parent="1" vertex="1">
          <mxGeometry x="565" y="470" width="130" height="50" as="geometry" />
        </mxCell>
        <mxCell id="6SC-wHni76-ARlpCPu2G-97" value="System" style="text;html=1;align=center;verticalAlign=middle;resizable=0;points=[];autosize=1;" parent="1" vertex="1">
          <mxGeometry x="600" y="580" width="60" height="20" as="geometry" />
        </mxCell>
        <mxCell id="6SC-wHni76-ARlpCPu2G-103" style="edgeStyle=orthogonalEdgeStyle;rounded=0;orthogonalLoop=1;jettySize=auto;html=1;entryX=0.5;entryY=0;entryDx=0;entryDy=0;" parent="1" edge="1">
          <mxGeometry relative="1" as="geometry">
            <mxPoint x="621" y="83.81453517294494" as="sourcePoint" />
            <mxPoint x="621" y="130" as="targetPoint" />
            <Array as="points">
              <mxPoint x="621" y="90" />
              <mxPoint x="621" y="90" />
            </Array>
          </mxGeometry>
        </mxCell>
        <mxCell id="6SC-wHni76-ARlpCPu2G-98" value="" style="aspect=fixed;perimeter=ellipsePerimeter;html=1;align=center;shadow=0;dashed=0;spacingTop=3;image;image=img/lib/active_directory/database.svg;" parent="1" vertex="1">
          <mxGeometry x="570" y="17" width="100" height="74" as="geometry" />
        </mxCell>
        <mxCell id="6SC-wHni76-ARlpCPu2G-104" value="Train Dataset&lt;br&gt;With Image" style="text;html=1;align=center;verticalAlign=middle;resizable=0;points=[];autosize=1;" parent="1" vertex="1">
          <mxGeometry x="655" y="80" width="90" height="30" as="geometry" />
        </mxCell>
        <mxCell id="6SC-wHni76-ARlpCPu2G-111" value="User" style="text;html=1;align=center;verticalAlign=middle;resizable=0;points=[];autosize=1;" parent="1" vertex="1">
          <mxGeometry x="90" y="360" width="40" height="20" as="geometry" />
        </mxCell>
      </root>
    </mxGraphModel>
  </diagram>
  <diagram id="cDplOILvzhufztqeTdYC" name="Page-2">
    <mxGraphModel dx="1114" dy="610" grid="1" gridSize="10" guides="1" tooltips="1" connect="1" arrows="1" fold="1" page="1" pageScale="1" pageWidth="850" pageHeight="1100" math="0" shadow="0">
      <root>
        <mxCell id="0" />
        <mxCell id="1" parent="0" />
        <mxCell id="BrzzJERXzxXFeQV1aoRd-1" value="" style="edgeStyle=orthogonalEdgeStyle;html=1;verticalAlign=bottom;endArrow=open;endSize=8;fontSize=20;" edge="1" parent="1">
          <mxGeometry relative="1" as="geometry">
            <mxPoint x="557" y="620" as="targetPoint" />
            <mxPoint x="557" y="560" as="sourcePoint" />
          </mxGeometry>
        </mxCell>
        <mxCell id="BrzzJERXzxXFeQV1aoRd-2" value="" style="edgeStyle=orthogonalEdgeStyle;html=1;verticalAlign=bottom;endArrow=open;endSize=8;fontSize=20;" edge="1" parent="1">
          <mxGeometry relative="1" as="geometry">
            <mxPoint x="557" y="740" as="targetPoint" />
            <mxPoint x="557" y="680" as="sourcePoint" />
          </mxGeometry>
        </mxCell>
        <mxCell id="BrzzJERXzxXFeQV1aoRd-3" value="" style="edgeStyle=orthogonalEdgeStyle;html=1;verticalAlign=bottom;endArrow=open;endSize=8;fontSize=20;entryX=0.5;entryY=0;" edge="1" parent="1" target="BrzzJERXzxXFeQV1aoRd-5">
          <mxGeometry relative="1" as="geometry">
            <mxPoint x="557" y="1160" as="targetPoint" />
            <mxPoint x="557" y="910" as="sourcePoint" />
            <Array as="points">
              <mxPoint x="557" y="960" />
              <mxPoint x="557" y="960" />
            </Array>
          </mxGeometry>
        </mxCell>
        <mxCell id="BrzzJERXzxXFeQV1aoRd-4" style="edgeStyle=orthogonalEdgeStyle;rounded=0;orthogonalLoop=1;jettySize=auto;html=1;" edge="1" parent="1" source="BrzzJERXzxXFeQV1aoRd-5">
          <mxGeometry relative="1" as="geometry">
            <mxPoint x="556.5" y="1100" as="targetPoint" />
          </mxGeometry>
        </mxCell>
        <mxCell id="BrzzJERXzxXFeQV1aoRd-5" value="Detect the Brain&amp;nbsp;Stroke&lt;br&gt;&amp;nbsp;" style="rounded=1;whiteSpace=wrap;html=1;arcSize=40;fontSize=20;" vertex="1" parent="1">
          <mxGeometry x="460" y="990" width="193" height="70" as="geometry" />
        </mxCell>
        <mxCell id="BrzzJERXzxXFeQV1aoRd-6" value="" style="edgeStyle=orthogonalEdgeStyle;html=1;verticalAlign=bottom;endArrow=open;endSize=8;fontSize=20;" edge="1" parent="1">
          <mxGeometry relative="1" as="geometry">
            <mxPoint x="557" y="860" as="targetPoint" />
            <mxPoint x="557" y="800" as="sourcePoint" />
          </mxGeometry>
        </mxCell>
        <mxCell id="BrzzJERXzxXFeQV1aoRd-7" value="Preprocessing" style="rounded=1;whiteSpace=wrap;html=1;arcSize=40;fontSize=20;" vertex="1" parent="1">
          <mxGeometry x="460" y="620" width="193" height="60" as="geometry" />
        </mxCell>
        <mxCell id="BrzzJERXzxXFeQV1aoRd-8" value="Feature Extraction" style="rounded=1;whiteSpace=wrap;html=1;arcSize=40;fontSize=20;" vertex="1" parent="1">
          <mxGeometry x="460.5" y="740" width="193" height="60" as="geometry" />
        </mxCell>
        <mxCell id="BrzzJERXzxXFeQV1aoRd-9" value="Classifiction by using CNN &lt;br&gt;/ SVM algorithm and&amp;nbsp;&lt;br&gt;Harcascade Algorithm" style="rounded=1;whiteSpace=wrap;html=1;arcSize=40;fontSize=20;" vertex="1" parent="1">
          <mxGeometry x="430" y="857.5" width="250" height="82.5" as="geometry" />
        </mxCell>
        <mxCell id="BrzzJERXzxXFeQV1aoRd-10" value="Input as Live Camera&lt;br&gt;and Dataset" style="rounded=1;whiteSpace=wrap;html=1;arcSize=40;fontSize=20;" vertex="1" parent="1">
          <mxGeometry x="450" y="500" width="206" height="60" as="geometry" />
        </mxCell>
        <mxCell id="BrzzJERXzxXFeQV1aoRd-14" value="" style="edgeStyle=orthogonalEdgeStyle;rounded=0;orthogonalLoop=1;jettySize=auto;html=1;" edge="1" parent="1" source="BrzzJERXzxXFeQV1aoRd-11" target="BrzzJERXzxXFeQV1aoRd-10">
          <mxGeometry relative="1" as="geometry">
            <Array as="points">
              <mxPoint x="553" y="420" />
              <mxPoint x="553" y="420" />
            </Array>
          </mxGeometry>
        </mxCell>
        <mxCell id="BrzzJERXzxXFeQV1aoRd-11" value="" style="ellipse;html=1;shape=startState;fillColor=#000000;strokeColor=#ff0000;" vertex="1" parent="1">
          <mxGeometry x="527" y="380" width="60" height="55" as="geometry" />
        </mxCell>
        <mxCell id="BrzzJERXzxXFeQV1aoRd-13" value="" style="ellipse;html=1;shape=endState;fillColor=#000000;strokeColor=#ff0000;" vertex="1" parent="1">
          <mxGeometry x="530" y="1100" width="45.5" height="40" as="geometry" />
        </mxCell>
      </root>
    </mxGraphModel>
  </diagram>
</mxfile>
